SITE,tree.num_PICMAR,tree.num_BETNEO,tree.num_PICGLA,tree.num_POPBAL,tree.num_POPTRE,tree.num_PICEA,density_LARLAR,density_PICMAR,density_BETNEO,density_PICGLA,density_POPBAL,density_POPTRE,density_PICEA,ba_LARLAR,ba_PICMAR,ba_BETNEO,ba_PICGLA,ba_POPBAL,ba_POPTRE,ba_PICEA,bio_LARLAR,bio_PICMAR,bio_BETNEO,bio_PICGLA,bio_POPBAL,bio_POPTRE,bio_PICEA,decid.dens,conif.dens,decid.ba,conif.ba,decid.bio,conif.bio,rel.conif.dens,rel.conif.bio,rel.decid.dens,rel.decid.bio,D.Index,Class
BCEFM2,24.75,0.08333333333333333,0,0,0,0,0.020833333333333336,0.2475,8.333333333333334e-4,0,0,0,0,0.36813766666666664,2.7892777708333334,0.022020183333333332,0,0,0,0,93.42896682511241,769.2308460787243,7.6628285832946625,0,0,0,0,8.333333333333334e-4,0.2475,0.022020183333333332,2.7892777708333334,7.6628285832946625,769.2308460787243,0.9974747474747475,0.9919706667690948,0.002525252525252523,0.00802933323090512,0.005277292878078821,Spruce
BDI1,0.8333333333333334,52.25,1.6666666666666667,0.08333333333333333,8.583333333333334,0,0,0.008333333333333333,0.5225,0.016666666666666666,8.333333333333334e-4,0.08583333333333333,0,0,0.21020634583333334,26.028760025,0.30139635,0.014459745833333336,4.898070345833333,0,0,54.10487358870823,10556.482868967156,72.23976753478878,3.855553532135694,1515.914375520285,0,0.6091666666666666,0.025,30.941290116666668,0.5116026958333333,12076.252798019577,126.34464112349701,0.039268394922432295,0.012375476436540292,0.9607316050775677,0.9876245235634598,0.9741780643205137,Decid
BDI2,6.166666666666667,78.5,6.333333333333333,0,0,0,0,0.06166666666666667,0.785,0.06333333333333334,0,0,0,0,0.9350264708333333,19.762878891666666,1.52850445,0,0,0,0,249.75650985919637,7815.11774646122,402.1721962592151,0,0,0,0.785,0.125,19.762878891666666,2.4635309208333336,7815.11774646122,651.9287061184115,0.1552557841339454,0.09221894547553977,0.8447442158660546,0.9077810545244602,0.8762626351952574,Decid
BDI3,38.333333333333336,1.5,0,0,33.75,0,0,0.3833333333333333,0.015,0,0,0.3375,0,0,5.931120670833334,0.42437292083333333,0,0,8.003053658333332,0,0,1594.5616760467608,159.33561563488303,0,0,2228.0148299311936,0,0.3525,0.3833333333333333,8.427426579166667,5.931120670833334,2387.3504455660764,1594.5616760467608,0.5216841047819818,0.42741923590459074,0.4783158952180182,0.5725807640954093,0.5254483296567137,Mixed
BDI4,6.75,10.333333333333334,0.16666666666666666,0,73.16666666666667,0,0,0.0675,0.10333333333333333,0.0016666666666666668,0,0.7316666666666667,0,0,0.71221285,3.360787933333333,0.029148595833333332,0,18.332123370833333,0,0,198.43382203613436,1263.7857962964822,6.895848036769878,0,5103.789458973635,0,0.835,0.06916666666666667,21.692911304166664,0.7413614458333333,6367.575255270118,205.32967007290424,0.07715164176554956,0.031594318682621234,0.9228483582344504,0.9684056813173788,0.9456270197759146,Decid
BDI5,12.75,0,0,0.3333333333333333,5.916666666666667,0,0,0.1275,0,0,0.0033333333333333335,0.059166666666666666,0,0,1.2912834499999999,0,0,0.04228608333333334,1.9955562041666666,0,0,360.1793199643609,0,0,10.968449126762538,570.7460351730148,0,0.0625,0.1275,2.0378422875,1.2912834499999999,581.7144842997773,360.1793199643609,0.708601923675453,0.5364480557685741,0.2913980763245469,0.46355194423142587,0.37747501027798636,Mixed
BDI6,1.1666666666666667,0.16666666666666666,0,0,0,0,0,0.011666666666666667,0.0016666666666666668,0,0,0,0,0,0.10664471666666668,0.023093699999999998,0,0,0,0,0,29.593355803820067,7.3182943945681735,0,0,0,0,0.0016666666666666668,0.011666666666666667,0.023093699999999998,0.10664471666666668,7.3182943945681735,29.593355803820067,0.9166666666666666,0.8773310640125231,0.08333333333333333,0.12266893598747686,0.1030011346604051,Spruce
BDI7,0.25,80.83333333333333,0,0,4.916666666666667,0,0,0.0025,0.8083333333333333,0,0,0.049166666666666664,0,0,0.2720775625,18.562693804166667,0,0,1.6713279874999998,0,0,62.877087638596045,6667.313116502325,0,0,509.71177837880333,0,0.8575,0.0025,20.234021791666667,0.2720775625,7177.024894881129,62.877087638596045,0.0033696671354899207,0.008535598831223472,0.9966303328645101,0.9914644011687765,0.9940473670166433,Decid
BDI8,40.75,43.5,0,0,0,0,0,0.4075,0.435,0,0,0,0,0,7.315786979166667,8.105037741666667,0,0,0,0,0,1943.0921793705493,2836.834139691231,0,0,0,0,0.435,0.4075,8.105037741666667,7.315786979166667,2836.834139691231,1943.0921793705493,0.47634531704522043,0.4611701129922613,0.5236546829547796,0.5388298870077387,0.5312422849812591,Mixed
BDM1,41.166666666666664,0,0,0,0,0,0,0.4116666666666667,0,0,0,0,0,0,8.467539445833333,0,0,0,0,0,0,2203.7226401751436,0,0,0,0,0,0,0.4116666666666667,0,8.467539445833333,0,2203.7226401751436,1,1,0,0,0,Spruce
BFY1,0,1.875,0,0,1.5,0,0,0,0.01875,0,0,0.015,0,0,0,0.14300027499999998,0,0,0.14864605625000002,0,0,0,41.90446037541632,0,0,35.82893360476364,0,0.03375,0,0.29164633125,0,77.73339398017995,0,0,0,1,1,1,Decid
BFY10,0,2,0,0,0,0,0,0,0.02,0,0,0,0,0,0,0.17524505,0,0,0,0,0,0,52.375614399352315,0,0,0,0,0.02,0,0.17524505,0,52.375614399352315,0,0,0,1,1,1,Decid
BFY11,0,84.91666666666667,0.25,0,0,0,0,0,0.8491666666666666,0.0025,0,0,0,0,0,7.071692854166667,0.018256329166666665,0,0,0,0,0,2109.998969961316,3.5296574131755953,0,0,0,0.8491666666666666,0.0025,7.071692854166667,0.018256329166666665,2109.998969961316,3.5296574131755953,0.003210872162485066,0.0018884845701164102,0.9967891278375149,0.9981115154298836,0.9974503216336993,Decid
BFY12,0,46,0,0,0,0,0,0,0.46,0,0,0,0,0,0,3.600614175,0,0,0,0,0,0,1062.1804380873446,0,0,0,0,0.46,0,3.600614175,0,1062.1804380873446,0,0,0,1,1,1,Decid
BFY13,0,82.16666666666667,0,0,0,0,0,0,0.8216666666666667,0,0,0,0,0,0,6.944566225,0,0,0,0,0,0,2079.744224328777,0,0,0,0,0.8216666666666667,0,6.944566225,0,2079.744224328777,0,0,0,1,1,1,Decid
BFY4,0,124.58333333333333,0,0,0.08333333333333333,0,0,0,1.2458333333333333,0,0,8.333333333333334e-4,0,0,0,13.035477233333333,0,0,0.00589125,0,0,0,4047.0039118615755,0,0,1.3382632977345537,0,1.2466666666666666,0,13.041368483333333,0,4048.34217515931,0,0,0,1,1,1,Decid
BFY6,0,16.333333333333332,0,0,0,0,0,0,0.16333333333333333,0,0,0,0,0,0,1.1420711791666667,0,0,0,0,0,0,330.91400092440085,0,0,0,0,0.16333333333333333,0,1.1420711791666667,0,330.91400092440085,0,0,0,1,1,1,Decid
BFY7,1.6666666666666667,0,0,0,0,0,0,0.016666666666666666,0,0,0,0,0,0,0.21813334999999998,0,0,0,0,0,0,59.74438626311847,0,0,0,0,0,0,0.016666666666666666,0,0.21813334999999998,0,59.74438626311847,1,1,0,0,0,Spruce
BFY9,2.1,0,0.4,0,0,0,0,0.021,0,0.004,0,0,0,0,0.648956535,0,0.123676975,0,0,0,0,163.57959405046213,0,32.190109815227075,0,0,0,0,0.025,0,0.7726335099999999,0,195.76970386568922,1,1,0,0,0,Spruce
DCY12,2.6666666666666665,0,0,0,0,0,0,0.02666666666666667,0,0,0,0,0,0,0.5318096833333333,0,0,0,0,0,0,140.06442308045285,0,0,0,0,0,0,0.02666666666666667,0,0.5318096833333333,0,140.06442308045285,1,1,0,0,0,Spruce
DCY13,0,0.25,0,0,1,0,0,0,0.0025,0,0,0.01,0,0,0,0.020108800000000003,0,0,0.0714805,0,0,0,5.8891648372113705,0,0,16.313153757053612,0,0.0125,0,0.0915893,0,22.202318594264984,0,0,0,1,1,1,Decid
DCY15,0,0,0,0,10.833333333333334,0,0,0,0,0,0,0.10833333333333334,0,0,0,0,0,0,0.9286180999999999,0,0,0,0,0,0,219.48159362588856,0,0.10833333333333334,0,0.9286180999999999,0,219.48159362588856,0,0,0,1,1,1,Decid
DCY16,0,0.5833333333333334,0,0,5.833333333333333,0,0,0,0.005833333333333334,0,0,0.058333333333333334,0,0,0,0.06071260416666667,0,0,0.7585573499999999,0,0,0,18.637951926839047,0,0,191.33718918938374,0,0.06416666666666666,0,0.8192699541666666,0,209.97514111622277,0,0,0,1,1,1,Decid
DCY17,0,0,0,3.0833333333333335,48.25,0,0,0,0,0,0.030833333333333334,0.4825,0,0,0,0,0,0.5230055375,3.7198465291666665,0,0,0,0,0,142.00780457127433,861.8795226222745,0,0.5133333333333333,0,4.242852066666667,0,1003.8873271935489,0,0,0,1,1,1,Decid
DCY2,1,1,0,0,0,0,0,0.01,0.01,0,0,0,0,0,0.2584491375,0.06327202500000001,0,0,0,0,0,66.26830157442733,18.06529648983671,0,0,0,0,0.01,0.01,0.06327202500000001,0.2584491375,18.06529648983671,66.26830157442733,0.5,0.5,0.5,0.5,0.5,Mixed
DCY3,0,0.125,0,0.25,16.875,0,0,0,0.00125,0,0.0025,0.16874999999999998,0,0,0,0.010054400000000002,0,0.02227874375,1.51753690625,0,0,0,2.9445824186056853,0,5.412543854189307,363.0564383380065,0,0.1725,0,1.54987005,0,371.4135646108015,0,0,0,1,1,1,Decid
DCY4,0,0,1,0,0,0,0,0,0,0.01,0,0,0,0,0,0,0.0530998,0,0,0,0,0,0,9.58686862904789,0,0,0,0,0.01,0,0.0530998,0,9.58686862904789,1,1,0,0,0,Spruce
DCY5,0,0,0,0,9.333333333333334,0,0,0,0,0,0,0.09333333333333334,0,0,0,0,0,0,0.7762049166666667,0,0,0,0,0,0,181.91347270070173,0,0.09333333333333334,0,0.7762049166666667,0,181.91347270070173,0,0,0,1,1,1,Decid
DCY6,0,1,0,0,0,0,0,0,0.01,0,0,0,0,0,0,0.0530998,0,0,0,0,0,0,14.642297218344984,0,0,0,0,0.01,0,0.0530998,0,14.642297218344984,0,0,0,1,1,1,Decid
DCY8,0,0,0,0,1.5,0,0,0,0,0,0,0.015,0,0,0,0,0,0,0.07988535,0,0,0,0,0,0,17.50617799892764,0,0.015,0,0.07988535,0,17.50617799892764,0,0,0,1,1,1,Decid
DCY9,0,1.4,0,0,1.6,0,0,0,0.014,0,0,0.016,0,0,0,0.09677359999999999,0,0,0.09234337999999999,0,0,0,27.874500416437375,0,0,20.48079169227273,0,0.03,0,0.18911698,0,48.3552921087101,0,0,0,1,1,1,Decid
DDM1,68.08333333333333,0,0,0,0,0,0,0.6808333333333333,0,0,0,0,0,0,16.693642375,0,0,0,0,0,0,4304.291390205058,0,0,0,0,0,0,0.6808333333333333,0,16.693642375,0,4304.291390205058,1,1,0,0,0,Spruce
DDM2,39.166666666666664,0,0.3333333333333333,0,0.16666666666666666,0,0,0.39166666666666666,0,0.0033333333333333335,0,0.0016666666666666668,0,0,11.551117883333333,0,0.35469907083333335,0,0.02490689583333333,0,0,2916.83294915303,0,127.86932587335346,0,6.535051657450478,0,0.0016666666666666668,0.395,0.02490689583333333,11.905816954166667,6.535051657450478,3044.702275026383,0.996140350877193,0.9979425982885187,0.0038596491228070164,0.002057401711481314,0.002958525417144165,Spruce
FP0A,0,0,0,2,0,0,0,0,0,0,0.02,0,0,0,0,0,0,0.1814505,0,0,0,0,0,0,44.6821823361461,0,0,0.02,0,0.1814505,0,44.6821823361461,0,0,0,1,1,1,Decid
FP0B,0,0,0,8.5,0,0,0,0,0,0,0.085,0,0,0,0,0,0,1.0786355083333332,0,0,0,0,0,0,289.27994402589786,0,0,0.085,0,1.0786355083333332,0,289.27994402589786,0,0,0,1,1,1,Decid
FP1C,0,0,0,16.454545454545453,0,0,0,0,0,0,0.16454545454545455,0,0,0,0,0,0,3.13752265,0,0,0,0,0,0,900.9091602912317,0,0,0.16454545454545455,0,3.13752265,0,900.9091602912317,0,0,0,1,1,1,Decid
FP2A,0,0,0,7.538461538461538,0,0,3.846153846153846e-4,0,0,0,0.07538461538461538,0,0,0.011990959615384612,0,0,0,18.48107254951923,0,0,3.0856875053709425,0,0,0,7484.718320328604,0,0,0.07538461538461538,0,18.48107254951923,0,7484.718320328604,0,0,0,1,1,1,Decid
FP2B,0,0,3.1333333333333333,4.533333333333333,0,0,0,0,0,0.03133333333333333,0.04533333333333334,0,0,0,0,0,2.7682591,2.73248743,0,0,0,0,0,946.6029325201004,1080.238978641394,0,0,0.04533333333333334,0.03133333333333333,2.73248743,2.7682591,1080.238978641394,946.6029325201004,0.3355218855218855,0.45129490588825083,0.6644781144781144,0.5487050941117492,0.6065916042949319,Mixed
FP2C,0,0,0,14.5,0,0,0,0,0,0,0.145,0,0,0,0,0,0,29.05867572083333,0,0,0,0,0,0,11393.197150095739,0,0,0.145,0,29.05867572083333,0,11393.197150095739,0,0,0,1,1,1,Decid
FP3A,0,0,3.6333333333333333,1.8333333333333333,0,0,0,0,0,0.036333333333333336,0.018333333333333333,0,0,0,0,0,23.27144294,10.987144593333333,0,0,0,0,0,11438.824852594054,5012.207838457341,0,0,0.018333333333333333,0.036333333333333336,10.987144593333333,23.27144294,5012.207838457341,11438.824852594054,0.5823809523809524,0.6236715637584335,0.4176190476190476,0.37632843624156653,0.3969737419303071,Mixed
FP3B,0,0,3.5833333333333335,1.5,0,0,0,0,0,0.035833333333333335,0.015,0,0,0,0,0,16.7687950875,7.1677922333333335,0,0,0,0,0,7812.5451173879155,3296.4136780512704,0,0,0.015,0.035833333333333335,7.1677922333333335,16.7687950875,3296.4136780512704,7812.5451173879155,0.7255291005291006,0.6974090200174178,0.2744708994708995,0.30259097998258216,0.2885309397267408,Spruce
FP3C,0,0,33.416666666666664,2,0,0,0,0,0,0.33416666666666667,0.02,0,0,0,0,0,32.448677708333335,5.713838279166667,0,0,0,0,0,11463.01527738676,2353.3220382923323,0,0,0.02,0.33416666666666667,5.713838279166667,32.448677708333335,2353.3220382923323,11463.01527738676,0.9432026678555994,0.8292024411935959,0.056797332144400685,0.17079755880640418,0.11379744547540244,Spruce
FP4A,0,0.4827586206896552,2.413793103448276,0.034482758620689655,0,0,0,0,0.004827586206896552,0.02413793103448276,3.448275862068966e-4,0,0,0,0,0.7640775189655172,26.68485542777586,0.02393337241379311,0,0,0,0,354.6863477754528,14699.901376077225,7.802408344033688,0,0,0.005172413793103448,0.02413793103448276,0.7880108913793104,26.68485542777586,362.48875611948654,14699.901376077225,0.8172413793103448,0.9119767873460777,0.18275862068965518,0.08802321265392234,0.13539091667178876,Spruce
FP4B,0,0.8666666666666667,3.7333333333333334,0,0,0,0,0,0.008666666666666666,0.037333333333333336,0,0,0,0,0,2.451600485,28.05953674,0,0,0,0,0,1295.8676712213032,14390.217489800993,0,0,0,0.008666666666666666,0.037333333333333336,2.451600485,28.05953674,1295.8676712213032,14390.217489800993,0.8018803418803419,0.9014215090712141,0.19811965811965812,0.09857849092878584,0.148349074524222,Spruce
FP4C,0,0.10344827586206896,4.172413793103448,0,0,0,0,0,0.0010344827586206897,0.04172413793103448,0,0,0,0,0,0.04806447413793103,36.30505158620689,0,0,0,0,0,19.40161200928443,19230.792038449166,0,0,0,0.0010344827586206897,0.04172413793103448,0.04806447413793103,36.30505158620689,19.40161200928443,19230.792038449166,0.9683908045977011,0.9986918203143098,0.03160919540229885,0.0013081796856901572,0.016458687543994502,Spruce
FP5A,13,0.16666666666666666,0.08333333333333333,0,0,0,0,0.13,0.0016666666666666668,8.333333333333334e-4,0,0,0,0,13.757967041666667,0.02831072916666667,0.14337993333333335,0,0,0,0,3168.2101101855706,9.240818154890144,51.90242050600289,0,0,0,0.0016666666666666668,0.13083333333333333,0.02831072916666667,13.901346975,9.240818154890144,3220.1125306915737,0.9814814814814815,0.9974236721247434,0.018518518518518528,0.0025763278752566434,0.010547423196887585,Spruce
FP5B,1.3333333333333333,9.916666666666666,4.916666666666667,0,0,0,8.333333333333334e-4,0.013333333333333332,0.09916666666666667,0.049166666666666664,0,0,0,0.09114418333333334,0.38307525833333333,2.9965057625,10.7194043,0,0,0,25.67870640042349,96.3679147994669,1185.8449263116008,4311.431422996455,0,0,0,0.09916666666666667,0.0625,2.9965057625,11.102479558333334,1185.8449263116008,4407.799337795922,0.3933646908844053,0.7857198587188773,0.6066353091155947,0.2142801412811227,0.4104577251983587,Mixed
FP5D,30.666666666666668,0.5833333333333334,0,0,0,0,0.004166666666666667,0.30666666666666664,0.005833333333333334,0,0,0,0,0.05888631666666667,7.937902979166666,0.07304495416666665,0,0,0,0,14.575352943065853,1998.9365763881603,23.388355855873318,0,0,0,0,0.005833333333333334,0.30666666666666664,0.07304495416666665,7.937902979166666,23.388355855873318,1998.9365763881603,0.9758471814923427,0.98735490324993,0.024152818507657225,0.012645096750070028,0.018398957628863625,Spruce
GRI1,16.5,3.5,0.08333333333333333,0,0,0,0,0.165,0.035,8.333333333333334e-4,0,0,0,0,2.2828216709999998,1.0152783875,0.012103245833333331,0,0,0,0,620.5459546834425,375.9109215017064,2.6722912422846865,0,0,0,0.035,0.16583333333333333,1.0152783875,2.294924916833333,375.9109215017064,623.2182459257272,0.8124963851937537,0.6638359702909494,0.18750361480624636,0.33616402970905057,0.2618338222576485,Spruce
GRI2,0.5833333333333334,4.75,0.4166666666666667,0,32.083333333333336,0,0,0.005833333333333334,0.0475,0.004166666666666667,0,0.32083333333333336,0,0,0.09878317083333332,5.904001283333333,0.10220009583333334,0,26.151389666666667,0,0,26.211492012281933,2644.6604770318013,25.694679298661338,0,8612.27700833359,0,0.36833333333333335,0.01,32.055390949999996,0.20098326666666666,11256.937485365394,51.90617131094327,0.02279067551926858,0.005126525350185303,0.9772093244807314,0.9948734746498147,0.986041399565273,Decid
GRI3,13.416666666666666,3.25,1.1666666666666667,0,16.333333333333332,0,0,0.13416666666666666,0.0325,0.011666666666666667,0,0.16333333333333333,0,0,4.572676970833333,5.345059120833334,0.46528437916666665,0,24.652832404166666,0,0,1147.1899127847873,2526.1915450181655,138.1851995896616,0,8736.741716482858,0,0.19583333333333333,0.14583333333333334,29.997891525,5.03796135,11262.933261501023,1285.375112374449,0.39747528746805877,0.10164940543453399,0.6025247125319412,0.898350594565466,0.7504376535487036,Decid
GRI4,30.583333333333332,24.25,1.25,0,6.75,0,0,0.30583333333333335,0.2425,0.0125,0,0.0675,0,0,7.733684827125,19.966788145833334,0.25869133333333333,0,3.4423031958333334,0,0,1967.9274776717173,8528.478324961665,63.74359266043799,0,1056.8797414650371,0,0.31,0.31833333333333336,23.409091341666667,7.992376160458333,9585.358066426701,2031.6710703321553,0.4572752903544752,0.19172414979427238,0.5427247096455248,0.8082758502057277,0.6755002799256262,Decid
GRI5,2.1666666666666665,0.9166666666666666,2.25,0,22.416666666666668,0,0,0.021666666666666667,0.009166666666666667,0.022500000000000003,0,0.22416666666666665,0,0,1.4639167124999999,1.3215579291666666,0.4726418958333333,0,25.951421004166665,0,0,338.57740231518846,616.1523483758249,120.53533985679056,0,8933.26999794248,0,0.23333333333333334,0.04416666666666667,27.27297893333333,1.9365586083333333,9549.422346318304,459.112742171979,0.15378891104203227,0.04944463170403848,0.8462110889579677,0.9505553682959615,0.8983832286269646,Decid
GRI6,26.916666666666668,0.9166666666666666,0.5,0,20.083333333333332,0,0,0.26916666666666667,0.009166666666666667,0.005,0,0.20083333333333334,0,0,8.656681299999999,1.2131327458333332,0.0868566625,0,19.234603958333334,0,0,2025.501558444076,578.4565835834203,20.341812519005103,0,6471.060824344167,0,0.21000000000000002,0.27416666666666667,20.447736704166665,8.7435379625,7049.517407927587,2045.843370963081,0.5377223865624887,0.21810865701610316,0.4622776134375113,0.7818913429838968,0.622084478210704,Mixed
GRI7,1,2.3333333333333335,2.0833333333333335,0.25,22.833333333333332,0,0,0.01,0.023333333333333334,0.020833333333333332,0.0025,0.22833333333333333,0,0,0.29753430833333333,6.278900795833333,0.3394931,0.15703454166666667,24.397623454166666,0,0,75.86648368604142,3168.7856070389985,80.99200033520788,50.955571677917504,8312.61642342636,0,0.25416666666666665,0.030833333333333334,30.833558791666665,0.6370274083333333,11532.357602143276,156.8584840212493,0.11004449555819609,0.014719266271349653,0.8899555044418039,0.9852807337286503,0.9376181190852271,Decid
GRM1,70.66666666666667,0,0,0,0,0,0,0.7066666666666667,0,0,0,0,0,0,16.338000704166667,0,0,0,0,0,0,4198.35635128553,0,0,0,0,0,0,0.7066666666666667,0,16.338000704166667,0,4198.35635128553,1,1,0,0,0,Spruce
GRM2,73.58333333333333,0,0,0,0,0,0,0.7358333333333333,0,0,0,0,0,0,40.08723318333333,0,0,0,0,0,0,9655.12273096452,0,0,0,0,0,0,0.7358333333333333,0,40.08723318333333,0,9655.12273096452,1,1,0,0,0,Spruce
GRM3,15.916666666666666,0,0.08333333333333333,0,0,0,0,0.15916666666666668,0,8.333333333333334e-4,0,0,0,0,2.7142101541666666,0,0.0071284124999999995,0,0,0,0,716.881976919972,0,1.4157707995573034,0,0,0,0,0.16,0,2.7213385666666667,0,718.2977477195292,1,1,0,0,0,Spruce
GRM4,42.833333333333336,0.08333333333333333,0,0,0,0,0,0.42833333333333334,8.333333333333334e-4,0,0,0,0,0,11.4207968875,0.10064873333333335,0,0,0,0,0,2906.369193739011,43.65908848919431,0,0,0,0,8.333333333333334e-4,0.42833333333333334,0.10064873333333335,11.4207968875,43.65908848919431,2906.369193739011,0.9986111111111111,0.9877824005478857,0.0013888888888888933,0.012217599452114305,0.006803244170501599,Spruce
GSI1,66.33333333333333,0,7.5,0,0,0,8.333333333333334e-4,0.6633333333333333,0,0.075,0,0,0,0.07079973333333334,11.164756616666667,0,2.6656073416666666,0,0,0,19.538578867480016,2967.2366665394534,0,771.9337029663097,0,0,0,0,0.7383333333333334,0,13.830363958333333,0,3739.1703695057627,1,1,0,0,0,Spruce
GSI2,8,0,0,0,0,0,0,0.08,0,0,0,0,0,0,0.7909984999999999,0,0,0,0,0,0,221.64884102142804,0,0,0,0,0,0,0.08,0,0.7909984999999999,0,221.64884102142804,1,1,0,0,0,Spruce
GSI3,62.25,12.666666666666666,4.833333333333333,0,0,0,0.0033333333333333335,0.6224999999999999,0.12666666666666668,0.04833333333333333,0,0,0,0.21355781249999997,13.1316158875,6.882223708333333,1.5459556416666667,0,0,0,60.10004365749862,3430.909662849244,2859.0843042145193,425.52674765323576,0,0,0,0.12666666666666668,0.6708333333333334,6.882223708333333,14.677571529166666,2859.0843042145193,3856.4364105024797,0.8419423640125122,0.6261827072354065,0.1580576359874878,0.3738172927645935,0.26593746437604066,Spruce
GSM1,24.416666666666668,0,0,0,0,0,0,0.24416666666666667,0,0,0,0,0,0,4.3290279625,0,0,0,0,0,0,1148.4929316241778,0,0,0,0,0,0,0.24416666666666667,0,4.3290279625,0,1148.4929316241778,1,1,0,0,0,Spruce
GSM2,40.916666666666664,0,0,0,0,0,0,0.4091666666666667,0,0,0,0,0,0,22.12730589583333,0,0,0,0,0,0,5349.3894882334625,0,0,0,0,0,0,0.4091666666666667,0,22.12730589583333,0,5349.3894882334625,1,1,0,0,0,Spruce
GSM3,39.666666666666664,0,0.4166666666666667,0,0,0,0.06833333333333333,0.39666666666666667,0,0.004166666666666667,0,0,0,1.0515881249999999,5.581383341666666,0,0.032061491666666664,0,0,0,267.7976463306856,1501.6084897454296,0,6.331062787228066,0,0,0,0,0.4008333333333333,0,5.613444833333333,0,1507.9395525326577,1,1,0,0,0,Spruce
GSM4,45.5,0.9166666666666666,0,0,0,0,0,0.455,0.009166666666666667,0,0,0,0,0,11.1486015,0.21857846666666667,0,0,0,0,0,2857.690855212745,79.01787170787735,0,0,0,0,0.009166666666666667,0.455,0.21857846666666667,11.1486015,79.01787170787735,2857.690855212745,0.982263467833183,0.9751158746217745,0.01773653216681703,0.02488412537822543,0.02131032877252123,Spruce
GSM5,22.25,0.16666666666666666,0,0,0,0,0,0.2225,0.0016666666666666668,0,0,0,0,0,4.519321883333333,0.009556916666666667,0,0,0,0,0,1168.638819047192,2.6660669291424184,0,0,0,0,0.0016666666666666668,0.2225,0.009556916666666667,4.519321883333333,2.6660669291424184,1168.638819047192,0.9946180555555556,0.9981273936431289,0.0053819444444444435,0.0018726063568710964,0.00362727540065777,Spruce
LGI1,7.166666666666667,0,5.75,0,0,0,0,0.07166666666666667,0,0.0575,0,0,0,0,1.5390694249999999,0,1.5699199375,0,0,0,0,400.9644598305644,0,428.2889791696181,0,0,0,0,0.12916666666666668,0,3.1089893625,0,829.2534390001825,1,1,0,0,0,Spruce
LGI2,11.666666666666666,5.666666666666667,3.0833333333333335,0,0.08333333333333333,0,0,0.11666666666666667,0.05666666666666667,0.030833333333333334,0,8.333333333333334e-4,0,0,10.128682116666667,3.310123183333333,0.9474439166666666,0,0.08656864583333333,0,0,2350.317110548247,1327.1932638231472,265.8819486105802,0,27.888467564876425,0,0.0575,0.1475,3.3966918291666666,11.076126033333333,1355.0817313880236,2616.1990591588274,0.7159348027755736,0.6676590512379369,0.2840651972244264,0.3323409487620631,0.3082030729932448,Spruce
MDI1,98.91666666666667,38.166666666666664,3.1666666666666665,0,0,0,8.333333333333334e-4,0.9891666666666666,0.38166666666666665,0.03166666666666667,0,0,0,0.05069093333333335,20.18035905,15.099155925,0.6546946125,0,0,0,13.637301474794967,5262.36722968228,5866.186230060092,164.28575276345705,0,0,0,0.38166666666666665,1.0208333333333333,15.099155925,20.8350536625,5866.186230060092,5426.652982445737,0.7255303126533359,0.5038501166505461,0.27446968734666405,0.49614988334945387,0.385309785348059,Mixed
MDI2,61.833333333333336,48.666666666666664,2.0833333333333335,0,0,0,0,0.6183333333333333,0.48666666666666664,0.020833333333333332,0,0,0,0,13.5454565625,12.938567807291665,0.28096680416666664,0,0,0,0,3382.436781995836,4751.5960438108705,63.24815884854629,0,0,0,0.48666666666666664,0.6391666666666667,12.938567807291665,13.826423366666667,4751.5960438108705,3445.6849408443823,0.559760091402757,0.414468103268089,0.44023990859724305,0.585531896731911,0.512885902664577,Mixed
MDI3,19.916666666666668,34.333333333333336,5.5,0,0,0,0,0.19916666666666666,0.3433333333333333,0.055,0,0,0,0,3.1963893291666667,32.454634416666664,1.5104706791666667,0,0,0,0,851.8147765724359,15210.096077418999,404.31295429422255,0,0,0,0.3433333333333333,0.25416666666666665,32.454634416666664,4.706860008333333,15210.096077418999,1256.1277308666583,0.435552303473489,0.09438249659921763,0.5644476965265111,0.9056175034007824,0.7350325999636467,Decid
MDI4,86.75,33.833333333333336,6.25,0,18.25,0,0,0.8675,0.3383333333333333,0.0625,0,0.1825,0,0,14.083576429166666,8.745606445833333,1.8293378583333333,0,13.649384758333333,0,0,3772.0952536639597,3333.550056028262,503.00900232046564,0,4442.344739086311,0,0.5208333333333334,0.93,22.394991204166665,15.9129142875,7775.894795114574,4275.104255984425,0.6373653123536493,0.37919038610910355,0.3626346876463506,0.6208096138908965,0.4917221507686235,Mixed
MDI5,32.916666666666664,0.9166666666666666,0,0,0,0,0,0.32916666666666666,0.009166666666666667,0,0,0,0,0,4.477984945833334,0.08859785416666667,0,0,0,0,0,1217.2066279156381,27.05749330824058,0,0,0,0,0.009166666666666667,0.32916666666666666,0.08859785416666667,4.477984945833334,27.05749330824058,1217.2066279156381,0.9717029848884687,0.9799165574293698,0.028297015111531255,0.020083442570630244,0.02419022884108075,Spruce
MDM1,86.16666666666667,0,0.3333333333333333,0,0,0,0,0.8616666666666667,0,0.0033333333333333335,0,0,0,0,14.4372347125,0,0.0895666375,0,0,0,0,3808.858482910401,0,22.974385400762785,0,0,0,0,0.865,0,14.52680135,0,3831.832868311164,1,1,0,0,0,Spruce
NRM1,8.25,0,0,0,0,0,0.085,0.0825,0,0,0,0,0,1.4611412791666667,1.1130731375,0,0,0,0,0,373.17612855272296,300.47944518705873,0,0,0,0,0,0,0.0825,0,1.1130731375,0,300.47944518705873,1,1,0,0,0,Spruce
NRM2,54.25,0,0.08333333333333333,0,0,0,0.0125,0.5425,0,8.333333333333334e-4,0,0,0,0.9104861416666666,6.477233,0,0.0047719125,0,0,0,251.89595688617194,1775.2551546355323,0,0.8746464322988201,0,0,0,0,0.5433333333333333,0,6.4820049125,0,1776.129801067831,1,1,0,0,0,Spruce
SL1A,0,0.625,0,0,0,0.5,0,0,0.00625,0,0,0,0.005,0,0,0.051813543749999996,0,0,0,0.0372130625,0,0,15.326876021363127,0,0,0,8.982535038399726,0.00625,0.005,0.051813543749999996,0.0372130625,15.326876021363127,8.982535038399726,0.5,0.5,0.5,0.5,0.5,Mixed
TRM1,32.833333333333336,0,0.08333333333333333,0,0,0,0,0.32833333333333337,0,8.333333333333334e-4,0,0,0,0,3.0562234,0,0.004091145833333333,0,0,0,0,857.6372894987711,0,0.7271357807012554,0,0,0,0,0.32916666666666666,0,3.060314545833333,0,858.3644252794724,1,1,0,0,0,Spruce
TRM2,0,0,1,0,0,0,0,0,0,0.01,0,0,0,0,0,0,0.11611653749999999,0,0,0,0,0,0,24.903705831603023,0,0,0,0,0.01,0,0.11611653749999999,0,24.903705831603023,1,1,0,0,0,Spruce
TRM3,35.166666666666664,0,0,0,0,0,0,0.3516666666666667,0,0,0,0,0,0,5.473350908333333,0,0,0,0,0,0,1455.3542719396105,0,0,0,0,0,0,0.3516666666666667,0,5.473350908333333,0,1455.3542719396105,1,1,0,0,0,Spruce
TRM4,47.75,0.25,0,0,0,0,0,0.4775,0.0025,0,0,0,0,0,14.852476195833333,0.07347697916666666,0,0,0,0,0,3543.692984989291,26.01485850627864,0,0,0,0,0.0025,0.4775,0.07347697916666666,14.852476195833333,26.01485850627864,3543.692984989291,0.9952876984126984,0.9937654112839591,0.004712301587301589,0.006234588716040851,0.00547344515167122,Spruce
UP1A,0,36.25,10.5,0,2.0833333333333335,0,0,0,0.3625,0.10500000000000001,0,0.020833333333333332,0,0,0,18.056334320833333,4.011908520833334,0,3.5433512250000003,0,0,0,7394.789998667057,1195.58213244822,0,1251.6503426292022,0,0.38333333333333336,0.10500000000000001,21.59968554583333,4.011908520833334,8646.44034129626,1195.58213244822,0.21696815392890617,0.12654235172343847,0.7830318460710939,0.8734576482765615,0.8282447471738277,Decid
UP1B,0,16.75,6,0.08333333333333333,0.3333333333333333,0,0,0,0.1675,0.06,8.333333333333334e-4,0.0033333333333333335,0,0,0,7.394978470833333,0.8886463615,0.0721678125,0.4086301916666667,0,0,0,2912.301322352159,204.82690985291964,24.294397756206706,134.78054413949397,0,0.17166666666666666,0.06,7.8757764749999994,0.8886463615,3071.3762642478596,204.82690985291964,0.2590579764230439,0.06732884672254374,0.7409420235769562,0.9326711532774562,0.8368065884272061,Decid
UP1C,0,1.3333333333333333,2.5833333333333335,0.9166666666666666,39.083333333333336,0,0,0,0.013333333333333334,0.025833333333333333,0.009166666666666667,0.3908333333333333,0,0,0,0.21813989583333332,0.232861475,0.37994635000000004,19.4891386875,0,0,0,72.51954201356669,47.604909951643506,118.56517469385258,5910.039060024574,0,0.41333333333333333,0.025833333333333333,20.08722493333333,0.232861475,6101.1237767319935,47.604909951643506,0.05604808623053965,0.0077246817721149325,0.9439519137694603,0.9922753182278851,0.9681136159986727,Decid
UP2A,0,10,13.416666666666666,0.75,0.08333333333333333,0,0,0,0.1,0.13416666666666666,0.0075,8.333333333333334e-4,0,0,0,16.310488566666667,12.362938679166666,2.5205451291666665,0.7389983999999999,0,0,0,7511.978847175864,4343.832678704981,1052.929158825015,314.611286552221,0,0.10833333333333334,0.13416666666666666,19.570032095833334,12.362938679166666,8879.5192925531,4343.832678704981,0.5313355342198651,0.3197831959654902,0.46866446578013493,0.6802168040345098,0.5744406349073223,Mixed
UP2B,0,10.666666666666666,7,1.4166666666666667,0.25,0,0,0,0.10666666666666667,0.07,0.014166666666666666,0.0025,0,0,0,17.41979785,8.020904145833333,4.210633475,1.8331606249999997,0,0,0,8128.0349696700105,3030.465437373316,1720.5032234648859,767.9550343815604,0,0.12333333333333334,0.07,23.463591949999998,8.020904145833333,10616.493227516457,3030.465437373316,0.34141597130727563,0.21019273236369124,0.6585840286927244,0.7898072676363088,0.7241956481645165,Decid
UP2C,0,0.16666666666666666,3.9166666666666665,0,9.416666666666666,0,0,0,0.0016666666666666668,0.03916666666666667,0,0.09416666666666666,0,0,0,0.006100716666666667,3.3611741375,0,33.8681089375,0,0,0,1.6215881051571888,1213.5580455454945,0,12932.328512080285,0,0.09583333333333334,0.03916666666666667,33.87420965416666,3.3611741375,12933.950100185442,1213.5580455454945,0.28429068208479974,0.09138584085879331,0.7157093179152003,0.9086141591412067,0.8121617385282035,Decid
UP3A,0,3.2,3.6666666666666665,0,0,0,0,0,0.032,0.03666666666666667,0,0,0,0,0,2.1609314466666665,32.02227950666666,0,0,0,0,0,977.0258167925762,16781.477535179107,0,0,0,0.032,0.03666666666666667,2.1609314466666665,32.02227950666666,977.0258167925762,16781.477535179107,0.6088359788359788,0.9350940076345267,0.39116402116402116,0.0649059923654734,0.22803500676474728,Spruce
UP3B,0,1.3103448275862069,3.1724137931034484,0,0,0,0,0,0.01310344827586207,0.031724137931034485,0,0,0,0,0,6.874503687931035,27.82436291551724,0,0,0,0,0,3814.919511603391,14685.117991987248,0,0,0,0.01310344827586207,0.031724137931034485,6.874503687931035,27.82436291551724,3814.919511603391,14685.117991987248,0.6773672687465792,0.7440409421741512,0.3226327312534209,0.25595905782584877,0.28929589453963483,Spruce
UP3C,0,1.3666666666666667,2.6333333333333333,0,0,0,0,0,0.013666666666666667,0.026333333333333334,0,0,0,0,0,2.6635728966666665,25.2629368,0,0,0,0,0,1420.1197929668024,13663.622886982663,0,0,0,0.013666666666666667,0.026333333333333334,2.6635728966666665,25.2629368,1420.1197929668024,13663.622886982663,0.7521717171717172,0.8809218938496003,0.24782828282828281,0.11907810615039974,0.18345319448934128,Spruce
UP4A,81.58333333333333,0.16666666666666666,0,0,0,0,0,0.8158333333333333,0.0016666666666666668,0,0,0,0,0,28.372587291666665,0.05098549583333334,0,0,0,0,0,7087.873184079877,19.104515016589257,0,0,0,0,0.0016666666666666668,0.8158333333333333,0.05098549583333334,28.372587291666665,19.104515016589257,7087.873184079877,0.9979423868312757,0.9968389916416324,0.002057613168724289,0.0031610083583676063,0.0026093107635459475,Spruce
UP4B,32.083333333333336,0,0,0,0,0,0,0.32083333333333336,0,0,0,0,0,0,17.830684324958334,0,0,0,0,0,0,4330.0975842147955,0,0,0,0,0,0,0.32083333333333336,0,17.830684324958334,0,4330.0975842147955,1,1,0,0,0,Spruce
UP4C,10.083333333333334,0,0,0,0,0,0.0025,0.10083333333333333,0,0,0,0,0,0.03312191666666667,1.2972990708333332,0,0,0,0,0,8.24731982190248,354.8071191313057,0,0,0,0,0,0,0.10083333333333333,0,1.2972990708333332,0,354.8071191313057,1,1,0,0,0,Spruce
UP4D,55.666666666666664,0.16666666666666666,0,0,0,0,0,0.5566666666666666,0.0016666666666666668,0,0,0,0,0,23.125924221083334,0.3208243833333333,0,0,0,0,0,5656.5868753765535,155.40470317686868,0,0,0,0,0.0016666666666666668,0.5566666666666666,0.3208243833333333,23.125924221083334,155.40470317686868,5656.5868753765535,0.9963750985027581,0.978688392064849,0.003624901497241928,0.021311607935151012,0.01246825471619647,Spruce
WCM1,17.083333333333332,0,0,0,0,0,0,0.17083333333333334,0,0,0,0,0,0,4.003503670833333,0,0,0,0,0,0,974.3369800088026,0,0,0,0,0,0,0.17083333333333334,0,4.003503670833333,0,974.3369800088026,1,1,0,0,0,Spruce
WCM2,24.916666666666668,0,0,0,0,0,0,0.24916666666666668,0,0,0,0,0,0,4.680211920833333,0,0,0,0,0,0,1229.6208889044801,0,0,0,0,0,0,0.24916666666666668,0,4.680211920833333,0,1229.6208889044801,1,1,0,0,0,Spruce
WCM3,32.25,0,0,0,0,0,0,0.3225,0,0,0,0,0,0,8.697069091666666,0,0,0,0,0,0,2214.899440155797,0,0,0,0,0,0,0.3225,0,8.697069091666666,0,2214.899440155797,1,1,0,0,0,Spruce
WCM4,99.08333333333333,0.4166666666666667,0,0,0,0,0,0.9908333333333333,0.004166666666666667,0,0,0,0,0,21.704942545833333,0.18065845416666665,0,0,0,0,0,5629.317712241096,68.62847655419304,0,0,0,0,0.004166666666666667,0.9908333333333333,0.18065845416666665,21.704942545833333,68.62847655419304,5629.317712241096,0.996782276609953,0.9882159828066611,0.003217723390046954,0.011784017193338927,0.00750087029169294,Spruce
WDI1,13.416666666666666,0.08333333333333333,0.08333333333333333,0,0,0,0,0.13416666666666666,8.333333333333334e-4,8.333333333333334e-4,0,0,0,0,1.7400854208333332,0.0047719125,0.007566983333333332,0,0,0,0,472.8455403812763,1.3303380878721327,1.52092884279394,0,0,0,8.333333333333334e-4,0.135,0.0047719125,1.7476524041666666,1.3303380878721327,474.3664692240702,0.9947916666666666,0.99780164566149665,0.005208333333333333,0.002198354338503387,0.00370334383591836,Spruce
WDI2,4.833333333333333,32.666666666666664,0.4166666666666667,0,0,0,0,0.04833333333333333,0.32666666666666666,0.004166666666666667,0,0,0,0,1.6122452958333333,17.050265920833333,0.127447375,0,0,0,0,401.3442397340346,6839.002491423807,35.50757714231923,0,0,0,0.32666666666666666,0.0525,17.050265920833333,1.7396926708333333,6839.002491423807,436.85181687635384,0.15998436558836507,0.06725340377471471,0.840015634411635,0.9327465962252853,0.8863811153184601,Decid
WDI3,19.833333333333332,7.666666666666667,0.08333333333333333,0,0,0,0,0.19833333333333333,0.07666666666666666,8.333333333333334e-4,0,0,0,0,7.4034095041666665,2.9964141208333333,0.015081599999999999,0,0,0,0,1831.3170088713123,1203.9989659433418,3.479673251426851,0,0,0,0.07666666666666666,0.19916666666666666,2.9964141208333333,7.418491104166667,1203.9989659433418,1834.7966821227392,0.72128793465157,0.6316660076800635,0.2787120653484299,0.3683339923199365,0.3235230288341832,Spruce
WDI4,12.666666666666666,20.166666666666668,0,0,0,0,0,0.12666666666666668,0.20166666666666666,0,0,0,0,0,6.0912579375,11.16627525,0,0,0,0,0,1480.6680214135454,4615.41392863204,0,0,0,0,0.20166666666666666,0.12666666666666668,11.16627525,6.0912579375,4615.41392863204,1480.6680214135454,0.41112524072897877,0.2677516859364013,0.5888747592710212,0.7322483140635987,0.66056153666731,Decid
WDI5,12.833333333333334,4,0.6666666666666666,0,10.166666666666666,0,0,0.12833333333333333,0.04,0.006666666666666666,0,0.10166666666666667,0,0,3.6952014666666666,2.2511382666666666,0.16669619166666663,0,9.173265375,0,0,924.5179005984647,958.2375098808346,42.1415271722938,0,3005.4101971685914,0,0.14166666666666666,0.135,11.424403641666666,3.861897658333333,3963.647707049426,966.6594277707585,0.5527129732078244,0.31114661728681764,0.4472870267921756,0.6888533827131824,0.568070204752679,Mixed
WDI6,1.25,4.666666666666667,0.16666666666666666,0,79.33333333333333,0,0,0.0125,0.04666666666666667,0.0016666666666666668,0,0.7933333333333333,0,0,1.3358802125,1.3790827125,0.11825047916666667,0,32.055083295833334,0,0,298.8011143357664,517.234239495278,38.77301129923895,0,9648.018728604091,0,0.8400000000000001,0.014166666666666668,33.434166008333335,1.4541306916666668,10165.252968099368,337.5741256350054,0.019675023134701146,0.03459540431922227,0.9803249768652988,0.9654045956807777,0.9728647862730383,Decid
YRM1,55.75,0.4166666666666667,0,0,0,0,0,0.5575,0.004166666666666667,0,0,0,0,0,10.667936090851667,0.1278794,0,0,0,0,0,2806.031954334227,46.53528775008859,0,0,0,0,0.004166666666666667,0.5575,0.1278794,10.667936090851667,46.53528775008859,2806.031954334227,0.9924806133582729,0.9827983878190677,0.007519386641727077,0.017201612180932285,0.012360499411329681,Spruce
